Date,Open,Close,High,Low,Volume,Percentage Change
02/01/2020,3060,3125,3125,3046,70,0.027600
03/01/2020,3129,3110,3129,3100,60,-0.004800
06/01/2020,3060,3036,3060,3060,20,-0.023800
07/01/2020,3061,3038,3090,3040,70,0.000700
08/01/2020,3043,3038,3044,3043,20,0.000000
09/01/2020,3088,3108,3120,3088,100,0.023000
10/01/2020,3035,3131,3132,3035,40,0.007400
13/01/2020,3092,3092,3092,3092,-,-0.012500
14/01/2020,3030,3030,3030,3030,0,-0.020100
15/01/2020,3030,3030,3030,3030,0,0.000000
16/01/2020,2959,2968,2994,2955,860,-0.020500
17/01/2020,2978,2922,2983,2908,910,-0.015500
20/01/2020,2939,2973,2982,2939,1060,0.017500
21/01/2020,2966,2960,2970,2910,1050,-0.004400
22/01/2020,2950,3038,3041,2942,1470,0.026400
23/01/2020,3025,2985,3030,2973,1390,-0.017400
24/01/2020,2979,2925,2979,2931,30,-0.020100
28/01/2020,2780,2640,2784,2649,390,-0.097400
29/01/2020,2794,2779,2794,2794,130,0.052700
30/01/2020,2730,2684,2730,2654,330,-0.034200
31/01/2020,2640,2640,2661,2629,240,-0.016400
03/02/2020,2647,2670,2685,2647,60,0.011400
04/02/2020,2709,2717,2750,2691,160,0.017600
05/02/2020,2780,2853,2850,2780,140,0.050100
06/02/2020,2922,2898,2940,2860,200,0.015800
07/02/2020,2903,2872,2903,2903,0,-0.009000
10/02/2020,2800,2800,2800,2800,10,-0.025100
11/02/2020,2824,2740,2824,2760,0,-0.021400
12/02/2020,2700,2736,2720,2695,90,-0.001500
13/02/2020,2680,2665,2680,2655,30,-0.026000
14/02/2020,2700,2660,2700,2655,30,-0.001900
17/02/2020,2710,2725,2735,2699,250,0.024400
18/02/2020,2725,2730,2730,2699,1010,0.001800
19/02/2020,2712,2645,2721,2644,850,-0.031100
20/02/2020,2664,2669,2669,2598,970,0.009100
21/02/2020,2680,2683,2684,2660,460,0.005200
24/02/2020,2666,2596,2669,2590,1130,-0.032400
25/02/2020,2560,2480,2573,2480,440,-0.044700
26/02/2020,2495,2460,2495,2435,20,-0.008100
27/02/2020,2467,2497,2497,2467,50,0.015000
28/02/2020,2450,2357,2450,2350,140,-0.056100
02/03/2020,2415,2358,2415,2350,170,0.000400
03/03/2020,2350,2405,2377,2350,170,0.019900
04/03/2020,2388,2501,2502,2388,160,0.039900
05/03/2020,2530,2532,2566,2480,20,0.012400
06/03/2020,2500,2448,2530,2448,30,-0.033200
09/03/2020,2328,2336,2344,2328,50,-0.045800
10/03/2020,2380,2339,2380,2325,290,0.001300
11/03/2020,2340,2370,2340,2338,0,0.013300
12/03/2020,2320,2302,2420,2320,530,-0.028700
13/03/2020,2302,2302,2302,2302,-,0.000000
16/03/2020,2307,2276,2327,2270,1010,-0.011300
17/03/2020,2259,2325,2415,2259,1080,0.021500
18/03/2020,2441,2321,2507,2300,2440,-0.001700
19/03/2020,2261,2271,2327,2241,520,-0.021500
20/03/2020,2305,2338,2345,2279,700,0.029500
23/03/2020,2296,2348,2360,2295,390,0.004300
24/03/2020,2365,2401,2420,2347,660,0.022600
25/03/2020,2410,2483,2487,2402,150,0.034200
26/03/2020,2406,2420,2420,2406,70,-0.025400
27/03/2020,2456,2487,2488,2456,240,0.027700
30/03/2020,2589,2591,2591,2580,70,0.041800
31/03/2020,2530,2550,2530,2475,430,-0.015800
01/04/2020,2520,2493,2520,2438,170,-0.022400
02/04/2020,2421,2398,2490,2400,150,-0.038100
03/04/2020,2365,2320,2365,2335,80,-0.032500
06/04/2020,2333,2333,2333,2333,30,0.005600
07/04/2020,2335,2393,2341,2335,60,0.025700
08/04/2020,2420,2433,2420,2400,10,0.016700
09/04/2020,2430,2383,2430,2400,20,-0.020600
10/04/2020,2428,2389,2428,2428,10,0.002500
13/04/2020,2340,2302,2340,2340,10,-0.036400
14/04/2020,2312,2312,2312,2312,-,0.004300
15/04/2020,2312,2312,2312,2312,-,0.000000
16/04/2020,2305,2249,2305,2249,700,-0.027200
17/04/2020,2245,2285,2300,2245,110,0.016000
20/04/2020,2286,2290,2320,2285,340,0.002200
21/04/2020,2230,2113,2230,2065,470,-0.077300
22/04/2020,2128,2120,2138,2075,420,0.003300
23/04/2020,2108,2162,2140,2100,420,0.019800
24/04/2020,2129,2121,2130,2097,230,-0.019000
27/04/2020,2075,2050,2075,2038,250,-0.033500
28/04/2020,2025,2051,2059,2018,90,0.000500
29/04/2020,2060,2060,2075,2060,590,0.004400
30/04/2020,2101,2102,2114,2090,160,0.020400
04/05/2020,2060,2035,2060,2035,660,-0.031900
05/05/2020,2030,2038,2040,2020,130,0.001500
06/05/2020,2014,2000,2020,2000,260,-0.018600
08/05/2020,2028,2060,2055,2028,70,0.030000
12/05/2020,2060,2036,2060,2020,250,-0.011700
13/05/2020,2060,2070,2060,2060,10,0.016700
14/05/2020,2045,2081,2130,2040,200,0.005300
15/05/2020,2100,2115,2115,2098,70,0.016300
18/05/2020,2149,2186,2196,2149,970,0.033600
19/05/2020,2207,2230,2235,2186,770,0.020100
20/05/2020,2212,2218,2221,2188,730,-0.005400
21/05/2020,2232,2276,2276,2211,690,0.026100
22/05/2020,2240,2240,2247,2222,400,-0.015800
27/05/2020,2280,2345,2359,2280,330,0.046900
28/05/2020,2343,2334,2371,2320,380,-0.004700
29/05/2020,2336,2373,2373,2336,240,0.016700
01/06/2020,2377,2388,2422,2377,340,0.006300
02/06/2020,2386,2460,2460,2386,450,0.030200
03/06/2020,2435,2474,2470,2432,400,0.005700
05/06/2020,2410,2405,2440,2395,240,-0.027900
09/06/2020,2446,2415,2450,2400,270,0.004200
10/06/2020,2410,2380,2420,2382,50,-0.014500
11/06/2020,2425,2403,2425,2425,10,0.009700
12/06/2020,2430,2433,2430,2430,10,0.012500
15/06/2020,2420,2422,2422,2420,460,-0.004500
16/06/2020,2451,2455,2460,2406,1650,0.013600
17/06/2020,2440,2447,2469,2430,780,-0.003300
18/06/2020,2440,2454,2455,2428,500,0.002900
19/06/2020,2490,2538,2538,2488,900,0.034200
22/06/2020,2508,2520,2540,2505,380,-0.007100
23/06/2020,2535,2542,2545,2518,510,0.008700
24/06/2020,2530,2542,2551,2530,190,0.000000
25/06/2020,2525,2512,2530,2499,390,-0.011800
26/06/2020,2530,2473,2530,2458,670,-0.015500
29/06/2020,2411,2428,2430,2396,200,-0.018200
30/06/2020,2440,2379,2440,2379,290,-0.020200
01/07/2020,2400,2395,2415,2390,230,0.006700
02/07/2020,2410,2423,2424,2410,280,0.011700
03/07/2020,2441,2421,2441,2405,170,-0.000800
06/07/2020,2435,2445,2458,2433,150,0.009900
07/07/2020,2420,2423,2427,2410,40,-0.009000
08/07/2020,2436,2474,2470,2436,80,0.021000
09/07/2020,2465,2455,2478,2455,180,-0.007700
10/07/2020,2413,2467,2480,2413,70,0.004900
13/07/2020,2483,2483,2483,2483,-,0.006500
14/07/2020,2475,2540,2520,2475,30,0.023000
15/07/2020,2540,2540,2540,2540,-,0.000000
16/07/2020,2632,2605,2655,2604,1270,0.025600
17/07/2020,2656,2699,2702,2647,680,0.036100
20/07/2020,2732,2754,2756,2730,920,0.020400
21/07/2020,2729,2733,2770,2706,270,-0.007600
22/07/2020,2770,2745,2789,2739,630,0.004400
23/07/2020,2750,2799,2800,2735,710,0.019700
24/07/2020,2828,2890,2900,2826,1230,0.032500
27/07/2020,2866,2784,2881,2784,500,-0.036700
28/07/2020,2770,2692,2770,2654,420,-0.033000
29/07/2020,2716,2738,2731,2705,170,0.017100
30/07/2020,2740,2780,2783,2740,150,0.015300
03/08/2020,2880,2850,2880,2840,600,0.025200
04/08/2020,2866,2892,2909,2866,230,0.014700
05/08/2020,2891,2845,2891,2850,100,-0.016300
06/08/2020,2849,2895,2895,2849,140,0.017600
07/08/2020,2883,2885,2890,2860,210,-0.003500
10/08/2020,2850,2868,2868,2850,160,-0.005900
11/08/2020,2860,2820,2860,2820,390,-0.016700
12/08/2020,2799,2880,2884,2799,140,0.021300
13/08/2020,2950,2880,2950,2875,550,0.000000
14/08/2020,2803,2803,2803,2803,0,-0.026700
17/08/2020,2800,2774,2800,2773,1060,-0.010300
18/08/2020,2749,2813,2821,2735,860,0.014100
19/08/2020,2819,2831,2852,2819,730,0.006400
21/08/2020,2800,2798,2810,2775,1270,-0.011700
24/08/2020,2790,2770,2803,2750,1080,-0.010000
25/08/2020,2800,2721,2803,2705,1260,-0.017700
26/08/2020,2721,2740,2740,2720,440,0.007000
27/08/2020,2755,2784,2796,2754,860,0.016100
28/08/2020,2830,2845,2861,2830,830,0.021900
01/09/2020,2898,2891,2921,2888,230,0.016200
02/09/2020,2862,2922,2940,2862,520,0.010700
03/09/2020,2958,2980,2995,2954,400,0.019800
04/09/2020,2920,2932,2965,2900,140,-0.016100
07/09/2020,2930,2900,2935,2900,40,-0.010900
08/09/2020,2900,2948,2940,2900,60,0.016600
09/09/2020,2882,2900,2920,2882,70,-0.016300
10/09/2020,2897,2897,2897,2897,0,-0.001000
11/09/2020,2875,2880,2880,2874,70,-0.005900
14/09/2020,2888,2942,2913,2888,60,0.021500
15/09/2020,2930,2930,2930,2930,0,-0.004100
17/09/2020,3016,3005,3045,3002,1000,0.025600
18/09/2020,3044,3102,3103,3044,1420,0.032300
21/09/2020,3108,3040,3121,3040,620,-0.020000
22/09/2020,3008,2994,3008,2936,810,-0.015100
23/09/2020,2933,2914,2965,2914,1600,-0.026700
24/09/2020,2875,2840,2890,2830,1370,-0.025400
25/09/2020,2855,2930,2941,2850,1440,0.031700
28/09/2020,2946,2950,2965,2890,1070,0.006800
29/09/2020,2935,2906,2964,2897,720,-0.014900
30/09/2020,2850,2839,2876,2829,310,-0.023100
01/10/2020,2890,2920,2950,2880,500,0.028500
02/10/2020,2850,2846,2880,2838,250,-0.025300
05/10/2020,2850,2847,2850,2823,160,0.000400
06/10/2020,2900,2947,2913,2895,180,0.035100
07/10/2020,2948,2990,2990,2948,100,0.014600
08/10/2020,2980,3000,3008,2980,50,0.003300
09/10/2020,3010,3020,3028,3000,120,0.006700
12/10/2020,3060,3060,3060,3060,50,0.013200
13/10/2020,3067,3067,3067,3067,-,0.002300
14/10/2020,3050,3049,3059,3050,280,-0.005900
15/10/2020,3049,3049,3049,3049,-,0.000000
16/10/2020,2964,2985,3000,2960,510,-0.021000
19/10/2020,2958,2888,2958,2879,1520,-0.032500
20/10/2020,2892,2980,2980,2892,880,0.031900
21/10/2020,3020,3008,3055,3001,530,0.009400
22/10/2020,2998,3060,3062,2998,260,0.017300
23/10/2020,3075,3064,3078,3020,450,0.001300
26/10/2020,3120,3224,3233,3117,660,0.052200
27/10/2020,3200,3237,3242,3183,990,0.004000
28/10/2020,3211,3259,3370,3211,370,0.006800
30/10/2020,3305,3252,3345,3227,550,-0.002100
02/11/2020,3181,3265,3266,3181,710,0.004000
03/11/2020,3300,3353,3359,3300,830,0.027000
04/11/2020,3360,3390,3415,3360,830,0.011000
05/11/2020,3398,3441,3441,3396,300,0.015000
06/11/2020,3475,3405,3475,3405,320,-0.010500
09/11/2020,3405,3440,3450,3387,470,0.010300
10/11/2020,3445,3444,3445,3421,100,0.001200
11/11/2020,3450,3494,3458,3410,190,0.014500
12/11/2020,3451,3549,3510,3451,70,0.015700
13/11/2020,3549,3549,3549,3549,-,0.000000
16/11/2020,3487,3495,3523,3487,1780,-0.015200
17/11/2020,3524,3486,3545,3475,1100,-0.002600
18/11/2020,3490,3565,3567,3480,770,0.022700
19/11/2020,3595,3538,3627,3520,1390,-0.007600
20/11/2020,3580,3483,3580,3480,1260,-0.015500
23/11/2020,3450,3518,3520,3390,820,0.010000
24/11/2020,3464,3448,3497,3438,840,-0.019900
25/11/2020,3475,3480,3488,3440,780,0.009300
26/11/2020,3491,3420,3491,3397,830,-0.017200
27/11/2020,3468,3505,3505,3404,1140,0.024900
30/11/2020,3468,3449,3485,3420,530,-0.016000
01/12/2020,3438,3506,3520,3435,320,0.016500
02/12/2020,3485,3479,3499,3474,130,-0.007700
03/12/2020,3500,3504,3500,3492,70,0.007200
04/12/2020,3530,3645,3695,3530,180,0.040200
07/12/2020,3674,3651,3705,3635,70,0.001600
08/12/2020,3670,3651,3700,3660,420,0.000000
09/12/2020,3630,3636,3650,3628,410,-0.004100
10/12/2020,3637,3689,3710,3637,170,0.014600
11/12/2020,3704,3709,3722,3698,60,0.005400
14/12/2020,3660,3740,3750,3660,20,0.008400
15/12/2020,3750,3740,3750,3750,0,0.000000
16/12/2020,3612,3590,3642,3587,2080,-0.040100
17/12/2020,3611,3605,3632,3549,2110,0.004200
18/12/2020,3629,3663,3669,3607,850,0.016100
21/12/2020,3656,3646,3672,3645,1440,-0.004600
22/12/2020,3661,3664,3680,3613,910,0.004900
23/12/2020,3640,3806,3808,3640,1480,0.038800
24/12/2020,3813,3854,3877,3813,930,0.012600
28/12/2020,3849,3834,3849,3800,500,-0.005200
29/12/2020,3819,3835,3837,3810,1240,0.000300
30/12/2020,3852,3878,3890,3849,520,0.011200
31/12/2020,3882,3891,3900,3856,220,0.003400
04/01/2021,3950,3950,3955,3909,1010,0.015200
05/01/2021,3918,3966,3967,3905,370,0.004100
06/01/2021,3960,4040,4040,3952,410,0.018700
07/01/2021,4003,3968,4016,3970,440,-0.017800
08/01/2021,3960,3997,3972,3959,10,0.007300
11/01/2021,3968,3970,3980,3920,1050,-0.006800
12/01/2021,3938,3880,3953,3900,70,-0.022700
13/01/2021,3930,3889,3930,3900,50,0.002300
14/01/2021,3900,3732,3900,3750,30,-0.040400
15/01/2021,3823,3815,3823,3815,20,0.022200
18/01/2021,3640,3639,3659,3553,1080,-0.046100
19/01/2021,3600,3506,3639,3494,2050,-0.036500
20/01/2021,3518,3470,3518,3435,780,-0.010300
21/01/2021,3500,3551,3560,3500,1490,0.023300
22/01/2021,3523,3583,3595,3520,1700,0.009000
25/01/2021,3529,3550,3608,3529,1100,-0.009200
26/01/2021,3596,3606,3616,3530,2290,0.015800
27/01/2021,3651,3775,3780,3611,1430,0.046900
29/01/2021,3810,3935,3935,3810,630,0.042400
02/02/2021,3890,3892,3960,3877,1220,-0.010900
03/02/2021,3780,3709,3783,3690,590,-0.047000
04/02/2021,3709,3815,3903,3709,680,0.028600
05/02/2021,3859,3914,4010,3859,1240,0.026000
08/02/2021,3925,3881,3925,3850,1050,-0.008400
09/02/2021,3950,3921,3960,3918,470,0.010300
10/02/2021,3924,3955,3955,3895,110,0.008700
11/02/2021,3937,3898,3945,3937,270,-0.014400
15/02/2021,3930,3925,3952,3925,370,0.006900
16/02/2021,3932,3938,3995,3916,1640,0.003300
17/02/2021,3991,4015,4025,3990,1720,0.019600
18/02/2021,3962,3882,3972,3868,1370,-0.033100
19/02/2021,3882,3914,3949,3882,650,0.008200
22/02/2021,3995,3945,3995,3940,740,0.007900
23/02/2021,3990,4007,4021,3973,1430,0.015700
24/02/2021,4031,3927,4035,3920,950,-0.020000
25/02/2021,4035,4034,4056,3960,990,0.027200
26/02/2021,3989,3986,4005,3968,2029,-0.011900
01/03/2021,4027,3943,4050,3932,970,-0.010800
02/03/2021,3929,3903,3929,3886,620,-0.010100
03/03/2021,3850,3900,3901,3847,630,-0.000800
04/03/2021,3917,3939,3951,3917,330,0.010000
05/03/2021,3945,3947,3990,3928,1220,0.002000
08/03/2021,4040,4070,4093,4020,220,0.031200
09/03/2021,4070,4075,4085,4035,250,0.001200
10/03/2021,4090,4122,4120,4080,160,0.011500
11/03/2021,4120,4220,4210,4120,130,0.023800
12/03/2021,4290,4283,4330,4290,80,0.014900
15/03/2021,4283,4283,4283,4283,-,0.000000
16/03/2021,4257,4170,4277,4166,1110,-0.026400
17/03/2021,4161,4200,4236,4149,630,0.007200
18/03/2021,4152,4080,4162,4072,1520,-0.028600
19/03/2021,4010,4013,4030,3972,560,-0.016400
22/03/2021,4022,4138,4144,4010,480,0.031100
23/03/2021,4210,4233,4305,4210,1420,0.023000
24/03/2021,4211,4220,4241,4166,620,-0.003100
25/03/2021,4228,4160,4228,4128,880,-0.014200
26/03/2021,4052,4025,4078,4000,1490,-0.032500
29/03/2021,4000,4123,4125,3954,1180,0.024300
30/03/2021,4070,4019,4080,4015,450,-0.025200
31/03/2021,3964,4061,4090,3963,1920,0.010500
01/04/2021,4104,4151,4155,4098,290,0.022200
02/04/2021,4112,4147,4160,4100,350,-0.001000
05/04/2021,4165,4164,4182,4135,780,0.004100
06/04/2021,4180,4211,4230,4155,370,0.011300
07/04/2021,4257,4282,4290,4215,640,0.016900
08/04/2021,4270,4244,4365,4211,220,-0.008900
09/04/2021,4340,4280,4370,4260,400,0.008500
12/04/2021,4225,4235,4275,4225,270,-0.010500
13/04/2021,4200,4245,4300,4180,170,0.002400
14/04/2021,4225,4200,4230,4180,260,-0.010600
15/04/2021,4180,4200,4230,4180,30,0.000000
16/04/2021,4160,4191,4215,4160,1590,-0.002100
19/04/2021,4181,4180,4185,4147,830,-0.002600
20/04/2021,4163,4231,4232,4160,1480,0.012200
21/04/2021,4272,4341,4399,4270,1370,0.026000
22/04/2021,4402,4420,4463,4390,1020,0.018200
23/04/2021,4488,4351,4500,4350,700,-0.015600
26/04/2021,4419,4341,4429,4299,1070,-0.002300
27/04/2021,4373,4500,4504,4366,700,0.036600
28/04/2021,4377,4421,4435,4350,1250,-0.017600
30/04/2021,4471,4408,4471,4382,1740,-0.002900
03/05/2021,4578,4593,4615,4520,930,0.042000
04/05/2021,4528,4594,4620,4528,280,0.000200
05/05/2021,4606,4598,4620,4588,450,0.000900
06/05/2021,4648,4718,4731,4648,570,0.026100
07/05/2021,4851,4883,4885,4820,1380,0.035000
10/05/2021,4810,4860,4860,4785,570,-0.004700
11/05/2021,4840,4788,4923,4820,400,-0.014800
12/05/2021,4850,4800,4851,4800,120,0.002500
17/05/2021,4724,4687,4747,4670,1690,-0.023500
18/05/2021,4783,4829,4839,4727,3470,0.030300
19/05/2021,4729,4669,4741,4648,2130,-0.033100
20/05/2021,4591,4464,4656,4450,2200,-0.043900
21/05/2021,4408,4391,4491,4371,2530,-0.016400
24/05/2021,4330,4232,4367,4196,960,-0.036200
25/05/2021,4320,4371,4385,4306,1810,0.032800
27/05/2021,4377,4266,4380,4237,1460,-0.024000
28/05/2021,4378,4301,4378,4300,1250,0.008200
31/05/2021,4284,4024,4290,4010,1770,-0.064400
01/06/2021,4130,4018,4130,3990,850,-0.001500
02/06/2021,4045,4166,4176,4028,820,0.036800
03/06/2021,4269,4262,4300,4227,600,0.023000
04/06/2021,4183,4230,4240,4183,140,-0.007500
08/06/2021,4150,4180,4182,4058,230,-0.011800
09/06/2021,4108,4090,4108,4085,90,-0.021500
10/06/2021,4060,4050,4080,4020,40,-0.009800
11/06/2021,3859,3859,3859,3859,-,-0.047200
14/06/2021,3559,3559,3559,3559,-,-0.077700
15/06/2021,3559,3559,3559,3559,-,0.000000
16/06/2021,3590,3566,3600,3510,1170,0.002000
17/06/2021,3510,3549,3573,3490,1370,-0.004800
18/06/2021,3457,3593,3615,3434,780,0.012400
21/06/2021,3580,3565,3608,3530,1040,-0.007800
22/06/2021,3605,3556,3647,3550,1750,-0.002500
23/06/2021,3640,3615,3708,3602,1150,0.016600
24/06/2021,3593,3605,3650,3565,660,-0.002800
25/06/2021,3626,3702,3707,3605,1230,0.026900
28/06/2021,3620,3700,3714,3620,720,-0.000500
29/06/2021,3670,3750,3766,3662,1550,0.013500
30/06/2021,3823,3782,3863,3780,980,0.008500
01/07/2021,3950,3842,3950,3815,900,0.015900
02/07/2021,3840,3898,3910,3825,530,0.014600
05/07/2021,3887,3972,3980,3880,950,0.019000
06/07/2021,4020,3947,4040,3946,620,-0.006300
07/07/2021,3913,3936,3943,3870,310,-0.002800
08/07/2021,3910,3920,3950,3895,100,-0.004100
09/07/2021,4000,4020,4020,4000,130,0.025500
12/07/2021,3985,3989,4010,3985,80,-0.007700
13/07/2021,4014,4048,4050,4014,30,0.014800
14/07/2021,4100,4094,4130,4042,80,0.011400
15/07/2021,4150,4149,4150,4149,110,0.013400
16/07/2021,4227,4300,4317,4205,2700,0.036400
19/07/2021,4343,4339,4343,4301,1950,0.009100
21/07/2021,4370,4395,4400,4300,2600,0.012900
22/07/2021,4359,4432,4450,4351,1300,0.008400
23/07/2021,4440,4542,4586,4440,960,0.024800
26/07/2021,4523,4630,4658,4489,460,0.019400
27/07/2021,4665,4689,4720,4630,970,0.012700
28/07/2021,4674,4590,4699,4562,350,-0.021100
29/07/2021,4640,4673,4722,4640,190,0.018100
30/07/2021,4695,4656,4740,4651,740,-0.003600
02/08/2021,4490,4445,4490,4430,380,-0.045300
03/08/2021,4465,4489,4495,4450,400,0.009900
04/08/2021,4480,4630,4634,4480,580,0.031400
05/08/2021,4536,4526,4551,4520,260,-0.022500
06/08/2021,4515,4520,4520,4450,180,-0.001300
09/08/2021,4508,4453,4520,4453,170,-0.014800
11/08/2021,4506,4642,4625,4506,70,0.042400
12/08/2021,4580,4584,4655,4580,90,-0.012500
13/08/2021,4530,4530,4530,4518,20,-0.011800
16/08/2021,4647,4663,4715,4635,1820,0.029400
17/08/2021,4710,4635,4740,4589,1800,-0.006000
18/08/2021,4555,4552,4592,4524,1720,-0.017900
19/08/2021,4570,4505,4616,4492,1260,-0.010300
20/08/2021,4500,4514,4550,4448,1520,0.002000
23/08/2021,4419,4552,4590,4419,1230,0.008400
24/08/2021,4500,4529,4560,4500,1210,-0.005100
25/08/2021,4555,4589,4597,4525,1550,0.013200
26/08/2021,4595,4599,4619,4540,1180,0.002200
27/08/2021,4550,4560,4600,4550,1880,-0.008500
30/08/2021,4581,4500,4595,4487,1180,-0.013200
01/09/2021,4441,4448,4538,4441,790,-0.011600
02/09/2021,4428,4478,4500,4420,990,0.006700
03/09/2021,4550,4550,4580,4546,700,0.016100
06/09/2021,4541,4552,4595,4540,410,0.000400
07/09/2021,4540,4625,4625,4538,80,0.016000
08/09/2021,4630,4720,4769,4630,480,0.020500
09/09/2021,4660,4650,4700,4660,90,-0.014800
10/09/2021,4620,4574,4630,4550,150,-0.016300
13/09/2021,4610,4617,4670,4590,340,0.009400
14/09/2021,4600,4631,4680,4600,240,0.003000
15/09/2021,4700,4700,4700,4700,50,0.014900
17/09/2021,4550,4518,4550,4445,2340,-0.038700
20/09/2021,4430,4443,4495,4400,1510,-0.016600
21/09/2021,4400,4470,4473,4400,1000,0.006100
22/09/2021,4500,4579,4598,4500,1580,0.024400
23/09/2021,4608,4658,4670,4580,2070,0.017300
24/09/2021,4648,4665,4705,4638,730,0.001500
27/09/2021,4700,4629,4707,4600,810,-0.007700
28/09/2021,4600,4688,4710,4576,960,0.012700
29/09/2021,4657,4710,4735,4630,480,0.004700
30/09/2021,4760,4833,4848,4739,1130,0.026100
01/10/2021,4791,4751,4810,4747,470,-0.017000
04/10/2021,4781,4838,4845,4781,230,0.018300
05/10/2021,4851,4975,5000,4850,1070,0.028300
06/10/2021,5019,5067,5096,5019,350,0.018500
07/10/2021,5010,5036,5037,5000,220,-0.006100
08/10/2021,5036,5152,5139,5009,210,0.023000
11/10/2021,5135,5155,5170,5122,140,0.000600
12/10/2021,5084,5096,5146,5080,70,-0.011400
13/10/2021,5150,5259,5150,5150,40,0.032000
14/10/2021,5145,5160,5155,5120,70,-0.018800
15/10/2021,5160,5160,5160,5160,30,0.000000
18/10/2021,5094,5175,5180,5094,1560,0.002900
20/10/2021,5190,5300,5315,5188,1860,0.024200
21/10/2021,5408,5209,5440,5175,1370,-0.017200
22/10/2021,5095,5188,5189,5070,1740,-0.004000
25/10/2021,5240,5244,5290,5223,750,0.010800
26/10/2021,5315,5323,5336,5250,1490,0.015100
27/10/2021,5256,5300,5320,5250,860,-0.004300
28/10/2021,5204,5310,5310,5180,480,0.001900
29/10/2021,5360,5402,5440,5360,830,0.017300
01/11/2021,5400,5396,5420,5320,630,-0.001100
02/11/2021,5415,5400,5415,5340,460,0.000700
03/11/2021,5400,5446,5475,5400,280,0.008500
05/11/2021,5336,5319,5356,5316,430,-0.023300
08/11/2021,5254,5329,5345,5254,350,0.001900
09/11/2021,5220,5260,5260,5200,610,-0.012900
10/11/2021,5286,5398,5400,5280,540,0.026200
11/11/2021,5365,5360,5410,5338,330,-0.007000
12/11/2021,5420,5405,5430,5375,160,0.008400
15/11/2021,5375,5390,5420,5375,140,-0.002800
16/11/2021,5288,5245,5310,5236,1280,-0.026900
17/11/2021,5306,5325,5335,5267,2500,0.015300
18/11/2021,5311,5446,5459,5281,1840,0.022700
19/11/2021,5435,5437,5500,5435,710,-0.001700
22/11/2021,5380,5396,5403,5350,720,-0.007500
23/11/2021,5437,5289,5442,5286,1730,-0.019800
24/11/2021,5345,5344,5355,5284,740,0.010400
25/11/2021,5345,5335,5385,5330,520,-0.001700
26/11/2021,5332,5269,5332,5255,520,-0.012400
29/11/2021,5315,5282,5350,5250,1340,0.002500
30/11/2021,5188,5188,5285,5140,680,-0.017800
01/12/2021,5217,5225,5250,5209,250,0.007100
02/12/2021,5217,5175,5217,5125,630,-0.009600
06/12/2021,5300,5241,5300,5218,580,0.012800
07/12/2021,5250,5305,5320,5250,580,0.012200
08/12/2021,5250,5255,5270,5200,200,-0.009400
09/12/2021,5250,5210,5293,5204,340,-0.008600
10/12/2021,5210,5242,5266,5180,440,0.006100
13/12/2021,5250,5238,5274,5218,310,-0.000800
14/12/2021,5230,5152,5230,5128,20,-0.016400
15/12/2021,4840,4800,4840,4800,10,-0.068300
16/12/2021,4763,4877,4916,4736,2370,0.016000
17/12/2021,4918,4879,5010,4870,1320,0.000400
20/12/2021,4878,4757,4878,4755,1290,-0.025000
21/12/2021,4830,4853,4865,4820,1290,0.020200
22/12/2021,4865,4931,4966,4863,820,0.016100
23/12/2021,4950,4962,4984,4937,1220,0.006300
24/12/2021,4958,5121,5125,4955,1040,0.032000
27/12/2021,5130,5085,5149,5079,1550,-0.007000
28/12/2021,5120,5217,5255,5100,1630,0.026000
29/12/2021,5200,5157,5200,5130,1180,-0.011500
30/12/2021,5175,5150,5190,5128,520,-0.001400
31/12/2021,5140,5159,5180,5136,720,0.001700
03/01/2022,5260,5259,5300,5258,1020,0.019400
04/01/2022,5217,5308,5320,5217,380,0.009300
05/01/2022,5361,5437,5446,5350,310,0.024300
06/01/2022,5434,5387,5449,5309,940,-0.009200
07/01/2022,5397,5330,5415,5330,360,-0.010600
10/01/2022,5333,5366,5430,5302,370,0.006800
11/01/2022,5250,5300,5300,5250,480,-0.012300
12/01/2022,5300,5260,5314,5240,210,-0.007500
13/01/2022,5300,5330,5320,5300,10,0.013300
14/01/2022,5300,5300,5300,5300,10,-0.005600
17/01/2022,5260,5320,5324,5232,1640,0.003800
19/01/2022,5426,5353,5467,5340,1940,0.006200
20/01/2022,5365,5400,5420,5365,1540,0.008800
21/01/2022,5399,5504,5510,5387,2080,0.019300
24/01/2022,5500,5438,5550,5413,2410,-0.012000
25/01/2022,5430,5454,5455,5390,2360,0.002900
26/01/2022,5434,5506,5520,5430,1180,0.009500
27/01/2022,5550,5613,5664,5550,1220,0.019400
28/01/2022,5653,5803,5810,5598,860,0.033800
31/01/2022,5840,5785,5840,5770,230,-0.003100
03/02/2022,5680,5714,5730,5675,100,-0.012300
04/02/2022,5740,5779,5780,5740,360,0.011400
07/02/2022,5760,5652,5765,5600,170,-0.022000
08/02/2022,5550,5566,5550,5495,190,-0.015200
09/02/2022,5455,5765,5768,5455,70,0.035800
10/02/2022,5737,5740,5760,5737,50,-0.004300
11/02/2022,5830,5800,5830,5800,10,0.010500
14/02/2022,5870,5935,5999,5870,170,0.023300
15/02/2022,5900,5865,5950,5860,90,-0.011800
16/02/2022,5842,5830,5910,5762,1910,-0.006000
17/02/2022,5845,5967,5970,5807,1900,0.023500
18/02/2022,6000,6008,6075,5986,2190,0.006900
21/02/2022,6100,6177,6200,6100,1570,0.028100
22/02/2022,6160,6354,6357,6160,1730,0.028700
23/02/2022,6275,6506,6530,6274,1260,0.023900
24/02/2022,6520,7087,7093,6520,1550,0.089300
25/02/2022,6912,6718,6993,6600,1680,-0.052100
28/02/2022,6890,7451,7530,6890,550,0.109100
01/03/2022,7365,8163,8170,7365,800,0.095600
02/03/2022,8200,7821,8757,7780,1670,-0.041900
03/03/2022,8000,7450,8000,7350,650,-0.047400
04/03/2022,7300,6780,7300,6724,380,-0.089900
07/03/2022,7000,7225,7100,6950,170,0.065600
08/03/2022,7000,7003,7100,6985,70,-0.030700
09/03/2022,7003,7621,7800,7003,90,0.088200
10/03/2022,7700,7680,7720,7665,200,0.007700
11/03/2022,7525,7365,7542,7390,80,-0.041000
14/03/2022,7000,6986,7000,6900,10,-0.051500
15/03/2022,7280,7280,7280,7280,0,0.042100
16/03/2022,6743,6899,6900,6685,830,-0.052300
17/03/2022,6901,6553,6901,6215,1890,-0.050200
18/03/2022,6571,6116,6749,6105,960,-0.066700
21/03/2022,6188,6250,6400,6151,1040,0.021900
22/03/2022,6322,6471,6472,6304,1680,0.035400
23/03/2022,6450,6704,6710,6440,2270,0.036000
24/03/2022,6772,6514,6810,6496,1300,-0.028300
25/03/2022,6564,6616,6619,6500,960,0.015700
28/03/2022,6629,6579,6630,6560,560,-0.005600
29/03/2022,6522,6631,6670,6445,1050,0.007900
30/03/2022,6509,6538,6600,6468,1100,-0.014000
31/03/2022,6495,6391,6513,6353,1110,-0.022500
01/04/2022,6353,6363,6383,6177,110,-0.004400
04/04/2022,6380,6367,6425,6321,430,0.000600
05/04/2022,6391,6581,6600,6391,310,0.033600
06/04/2022,6445,6664,6699,6445,240,0.012600
07/04/2022,6582,6610,6658,6530,140,-0.008100
08/04/2022,6590,6681,6700,6540,160,0.010700
11/04/2022,6700,6765,6800,6700,100,0.012600
12/04/2022,6800,6890,6890,6800,110,0.018500
13/04/2022,6780,6833,6780,6780,0,-0.008300
14/04/2022,6900,6820,6900,6810,70,-0.001900
15/04/2022,6820,6820,6820,6820,-,0.000000
18/04/2022,6701,6858,6868,6691,1820,0.005600
20/04/2022,6900,6781,6923,6720,2990,-0.011200
21/04/2022,6797,6808,6850,6797,2230,0.004000
22/04/2022,6750,6871,6910,6726,1860,0.009300
25/04/2022,7020,6972,7500,6820,1350,0.014700
26/04/2022,6997,7079,7100,6997,310,0.015300
27/04/2022,7160,7757,7518,7080,740,0.095800
28/04/2022,7660,7496,7660,7345,470,-0.033600
29/04/2022,7470,7683,7817,7470,1230,0.024900
05/05/2022,7473,7382,7473,7380,1010,-0.039200
06/05/2022,7348,7058,7348,6945,400,-0.043900
09/05/2022,7050,7035,7100,7000,150,-0.003300
10/05/2022,6950,6953,7000,6900,140,-0.011700
11/05/2022,6920,7153,7204,6908,200,0.028800
12/05/2022,6950,6990,6999,6910,210,-0.022800
13/05/2022,6950,6950,6950,6950,-,-0.005700
17/05/2022,6719,6664,6730,6566,1530,-0.041200
18/05/2022,6703,6694,6731,6655,1080,0.004500
19/05/2022,6705,6647,6715,6575,1740,-0.007000
20/05/2022,6525,6689,6880,6400,2870,0.006300
23/05/2022,6705,6834,6840,6703,1420,0.021700
24/05/2022,6822,7054,7100,6801,3850,0.032200
25/05/2022,7065,6960,7065,6922,1930,-0.013300
26/05/2022,6934,7087,7128,6871,1820,0.018200
27/05/2022,7047,6879,7230,6877,820,-0.029300
30/05/2022,6830,6710,6854,6700,820,-0.024600
31/05/2022,6784,6607,6830,6536,1190,-0.015400
01/06/2022,6632,6646,6675,6580,580,0.005900
02/06/2022,6700,6748,6808,6690,1060,0.015300
03/06/2022,6885,6704,6885,6665,110,-0.006500
07/06/2022,6750,6760,6813,6750,100,0.008400
08/06/2022,6700,6740,6740,6700,150,-0.003000
09/06/2022,6846,6590,6846,6580,300,-0.022300
10/06/2022,6600,6281,6640,6350,260,-0.046900
13/06/2022,6044,6130,6150,6044,90,-0.024000
14/06/2022,6100,6154,6219,6099,50,0.003900
15/06/2022,6000,6000,6000,6000,10,-0.025000
16/06/2022,5795,5683,5865,5582,1930,-0.052800
17/06/2022,5663,5679,5695,5566,880,-0.000700
20/06/2022,5460,5261,5495,5242,2300,-0.073600
21/06/2022,5186,5210,5348,5114,2280,-0.009700
22/06/2022,5175,4688,5211,4682,2400,-0.100200
23/06/2022,4740,4870,4896,4660,1820,0.038800
24/06/2022,4899,4798,5018,4683,2210,-0.014800
27/06/2022,4887,5049,5105,4833,1120,0.052300
28/06/2022,5014,5159,5201,4959,2330,0.021800
29/06/2022,5125,5069,5148,5037,1640,-0.017400
30/06/2022,5101,5088,5148,5050,1440,0.003700
01/07/2022,5001,4886,5001,4737,1330,-0.039700
04/07/2022,4812,4460,4812,4401,820,-0.087200
05/07/2022,4497,4199,4497,4197,460,-0.058500
06/07/2022,3900,4073,3965,3850,530,-0.030000
07/07/2022,3946,4129,3946,3946,10,0.013700
08/07/2022,4340,4137,4340,4137,90,0.001900
12/07/2022,4120,4121,4120,4120,10,-0.003900
13/07/2022,4100,3850,4100,3850,120,-0.065800
14/07/2022,3850,3643,3850,3850,0,-0.053800
15/07/2022,3632,3632,3632,3632,0,-0.003000
18/07/2022,3688,3887,3913,3648,2670,0.070200
19/07/2022,3992,3799,4035,3779,2810,-0.022600
20/07/2022,3795,3913,3984,3795,1390,0.030000
21/07/2022,3904,3707,3921,3680,1020,-0.052600
22/07/2022,3725,3727,3799,3667,1320,0.005400
25/07/2022,3728,3706,3837,3696,1450,-0.005600
26/07/2022,3800,3860,3956,3787,1160,0.041600
27/07/2022,3751,3907,3935,3750,1040,0.012200
28/07/2022,3911,4030,4096,3911,670,0.031500
29/07/2022,4050,4355,4360,4050,910,0.080600
01/08/2022,4100,4093,4174,4073,410,-0.060200
02/08/2022,3941,3943,4020,3941,40,-0.036600
03/08/2022,4042,3985,4070,4042,30,0.010700
04/08/2022,3930,3940,3940,3909,30,-0.011300
05/08/2022,4000,4020,4020,4000,20,0.020300
08/08/2022,4100,4135,4140,4100,60,0.028600
09/08/2022,4170,4170,4180,4170,40,0.008500
10/08/2022,4134,4191,4192,4134,60,0.005000
11/08/2022,4210,4300,4225,4192,80,0.026000
12/08/2022,4300,4432,4430,4300,40,0.030700
15/08/2022,4331,4331,4331,4331,-,-0.022800
16/08/2022,4113,4156,4264,4099,1010,-0.040400
17/08/2022,4195,4166,4221,4117,690,0.002400
18/08/2022,4114,4059,4130,4049,1580,-0.025700
19/08/2022,4090,4090,4189,4070,620,0.007600
22/08/2022,4250,4163,4250,4140,980,0.017800
23/08/2022,4138,4227,4236,4111,1010,0.015400
24/08/2022,4219,4290,4330,4092,510,0.014900
25/08/2022,4304,4239,4305,4212,390,-0.011900
26/08/2022,4240,4149,4280,4141,810,-0.021200
29/08/2022,4162,4077,4180,4074,800,-0.017400
30/08/2022,4090,4003,4100,3985,410,-0.018200
01/09/2022,4000,3860,4030,3886,200,-0.035700
02/09/2022,3910,3830,3910,3793,180,-0.007800
05/09/2022,3820,3822,3859,3815,30,-0.002100
06/09/2022,3815,3705,3815,3725,40,-0.030600
07/09/2022,3625,3600,3630,3615,190,-0.028300
08/09/2022,3450,3438,3481,3450,20,-0.045000
09/09/2022,3500,3500,3500,3500,-,0.018000
12/09/2022,3530,3550,3530,3530,50,0.014300
13/09/2022,3680,3759,3750,3680,210,0.058900
14/09/2022,3560,3700,3750,3560,220,-0.015700
15/09/2022,3700,3700,3700,3700,-,0.000000
19/09/2022,3722,3606,3770,3586,2290,-0.025400
20/09/2022,3614,3676,3720,3560,820,0.019400
21/09/2022,3653,3807,3840,3600,1920,0.035600
22/09/2022,3713,3761,3805,3713,480,-0.012100
23/09/2022,3768,3673,3768,3668,540,-0.023400
26/09/2022,3550,3481,3566,3372,900,-0.052300
27/09/2022,3488,3463,3510,3405,910,-0.005200
28/09/2022,3460,3144,3480,3143,710,-0.092100
29/09/2022,3214,3278,3321,3186,570,0.042600
30/09/2022,3330,3327,3357,3300,420,0.014900
03/10/2022,3307,3320,3319,3300,20,-0.002100
04/10/2022,3347,3501,3490,3345,410,0.054500
05/10/2022,3620,3532,3620,3509,130,0.008900
06/10/2022,3625,3589,3650,3585,80,0.016100
07/10/2022,3593,3630,3631,3560,10,0.011400
11/10/2022,3540,3484,3540,3508,10,-0.040200
12/10/2022,3523,3523,3523,3523,-,0.011200
13/10/2022,3550,3530,3550,3550,30,0.002000
14/10/2022,3650,3650,3650,3650,10,0.034000
17/10/2022,3778,3801,3813,3692,1660,0.041400
18/10/2022,3841,3933,3994,3806,2029,0.034700
19/10/2022,3979,4021,4063,3934,1980,0.022400
20/10/2022,4001,3995,4077,3964,1280,-0.006500
21/10/2022,4003,3979,4047,3920,760,-0.004000
25/10/2022,4062,3964,4095,3958,1400,-0.003800
26/10/2022,3953,3904,4026,3853,1230,-0.015100
27/10/2022,3929,3924,4030,3919,900,0.005100
28/10/2022,3903,3826,3903,3750,820,-0.025000
31/10/2022,3915,3858,3968,3795,460,0.008400
01/11/2022,3858,4048,4081,3858,540,0.049200
02/11/2022,4091,4193,4228,4082,500,0.035800
03/11/2022,4200,4153,4226,4120,500,-0.009500
04/11/2022,4200,4182,4230,4127,220,0.007000
07/11/2022,4200,4260,4270,4176,190,0.018700
08/11/2022,4230,4254,4260,4190,200,-0.001400
09/11/2022,4200,4145,4207,4120,170,-0.025600
10/11/2022,4142,4109,4142,4020,10,-0.008700
11/11/2022,4187,4187,4187,4187,-,0.019000
14/11/2022,3993,3987,3993,3993,0,-0.047800
15/11/2022,3987,3987,3987,3987,-,0.000000
16/11/2022,3957,3907,3974,3885,2090,-0.020100
17/11/2022,3900,3791,3900,3746,1710,-0.029700
21/11/2022,3796,3815,3854,3750,1320,0.006300
22/11/2022,3835,3949,3960,3776,1040,0.035100
23/11/2022,3976,4036,4050,3917,840,0.022000
24/11/2022,4000,3989,4105,3985,940,-0.011600
25/11/2022,4047,4060,4075,3973,920,0.017800
29/11/2022,4123,4098,4174,4092,1060,0.009400
30/11/2022,4120,4099,4145,4070,1080,0.000200
01/12/2022,4072,3996,4080,3980,450,-0.025100
02/12/2022,4020,3905,4020,3900,180,-0.022800
05/12/2022,3890,3903,3925,3865,210,-0.000500
06/12/2022,3825,4039,4040,3820,70,0.034800
07/12/2022,4020,3911,4020,3890,60,-0.031700
08/12/2022,3960,3886,3960,3860,0,-0.006400
09/12/2022,3900,3924,3900,3900,10,0.009800
12/12/2022,3780,3678,3780,3680,80,-0.062700
13/12/2022,3826,3826,3826,3826,-,0.040200
14/12/2022,3850,3885,3900,3850,10,0.015400
15/12/2022,3885,3885,3885,3885,-,0.000000
16/12/2022,3854,3863,3950,3829,1940,-0.005700
19/12/2022,3904,3882,3920,3855,470,0.004900
20/12/2022,3890,3839,3931,3813,2430,-0.011100
21/12/2022,3821,3914,3935,3819,1290,0.019500
22/12/2022,3925,3863,3939,3818,1790,-0.013000
23/12/2022,3822,3802,3833,3791,1040,-0.015800
27/12/2022,3950,4065,4085,3950,2580,0.069200
28/12/2022,4060,4069,4102,4042,1140,0.001000
29/12/2022,4043,4078,4086,4000,780,0.002200
30/12/2022,4095,4171,4225,4060,1200,0.022800
03/01/2023,4150,4265,4265,4150,770,0.022500
04/01/2023,4223,4210,4240,4161,370,-0.012900
05/01/2023,4168,4080,4168,4070,320,-0.030900
06/01/2023,4081,3981,4098,3934,30,-0.024300
09/01/2023,3955,4020,4000,3895,90,0.009800
10/01/2023,3868,3887,3910,3815,30,-0.033100
11/01/2023,3815,3823,3815,3800,10,-0.016500
12/01/2023,3800,3823,3810,3800,40,0.000000
13/01/2023,3820,3820,3820,3820,-,-0.000800
16/01/2023,3888,3846,3890,3841,1530,0.006800
17/01/2023,3847,3790,3860,3781,1590,-0.014600
18/01/2023,3816,3859,3884,3805,1520,0.018200
19/01/2023,3864,3887,3907,3850,1120,0.007300
20/01/2023,3876,3885,3932,3858,800,-0.000500
25/01/2023,3806,3754,3812,3720,1050,-0.033700
26/01/2023,3760,3778,3809,3729,310,0.006400
27/01/2023,3783,3874,3880,3783,950,0.025400
30/01/2023,3950,3850,3955,3840,730,-0.006200
31/01/2023,3859,3720,3860,3700,820,-0.033800
02/02/2023,3680,3652,3698,3620,250,-0.018300
03/02/2023,3650,3725,3725,3640,170,0.020000
07/02/2023,3817,3818,3850,3805,80,0.025000
08/02/2023,3822,3820,3900,3815,150,0.000500
09/02/2023,3860,3832,3861,3806,50,0.003100
10/02/2023,3807,3806,3900,3783,40,-0.006800
13/02/2023,3886,3850,3910,3810,70,0.011600
14/02/2023,3918,3884,3920,3900,40,0.008800
15/02/2023,3884,3884,3884,3884,-,0.000000
16/02/2023,3923,4030,4050,3899,2090,0.037600
17/02/2023,4055,4095,4122,4055,1080,0.016100
20/02/2023,4110,4121,4150,4099,1440,0.006300
21/02/2023,4150,4097,4150,4080,980,-0.005800
22/02/2023,4106,4099,4175,4092,1130,0.000500
23/02/2023,4140,4190,4191,4120,1010,0.022200
24/02/2023,4183,4156,4210,4145,1000,-0.008100
27/02/2023,4138,4184,4191,4109,870,0.006700
28/02/2023,4145,4113,4156,4111,520,-0.017000
01/03/2023,4123,4146,4174,4120,200,0.008000
02/03/2023,4210,4270,4300,4210,360,0.029900
03/03/2023,4301,4318,4325,4270,310,0.011200
06/03/2023,4246,4250,4260,4246,40,-0.015700
07/03/2023,4246,4199,4282,4190,280,-0.012000
08/03/2023,4218,4175,4227,4173,40,-0.005700
09/03/2023,4194,4166,4194,4160,30,-0.002200
10/03/2023,4185,4170,4185,4127,160,0.001000
13/03/2023,4110,4139,4130,4110,70,-0.007400
14/03/2023,4103,4103,4103,4103,-,-0.008700
15/03/2023,4103,4103,4103,4103,-,0.000000
16/03/2023,4006,4083,4092,4000,2040,-0.004900
17/03/2023,4083,4071,4154,4044,870,-0.002900
20/03/2023,4035,3935,4035,3918,1990,-0.033400
21/03/2023,3964,3937,4006,3915,1720,0.000500
22/03/2023,3949,3835,3962,3803,1670,-0.025900
23/03/2023,3842,3750,3847,3737,400,-0.022200
24/03/2023,3760,3751,3869,3695,1180,0.000300
27/03/2023,3783,3884,3889,3762,810,0.035500
28/03/2023,3896,4011,4013,3880,690,0.032700
29/03/2023,3990,4030,4034,3958,680,0.004700
30/03/2023,4015,4112,4112,4010,320,0.020300
31/03/2023,4125,4058,4132,4010,400,-0.013100
03/04/2023,4122,4169,4175,4105,330,0.027400
04/04/2023,4215,4242,4237,4207,30,0.017500
05/04/2023,4190,4205,4206,4190,150,-0.008700
06/04/2023,4232,4191,4245,4189,140,-0.003300
07/04/2023,4226,4220,4231,4178,90,0.006900
10/04/2023,4218,4327,4349,4214,140,0.025400
11/04/2023,4329,4280,4344,4300,40,-0.010900
12/04/2023,4200,4170,4203,4170,10,-0.025700
13/04/2023,4100,4100,4100,4100,10,-0.016800
14/04/2023,4150,4100,4200,4100,30,0.000000
17/04/2023,3935,4014,4016,3933,1240,-0.021000
18/04/2023,4009,4140,4181,4009,2150,0.031400
19/04/2023,4132,4097,4183,4073,1990,-0.010400
20/04/2023,4106,4110,4130,4051,1850,0.003200
25/04/2023,4000,4081,4084,3985,1030,-0.007100
26/04/2023,4050,4061,4074,4023,510,-0.004900
27/04/2023,4069,4045,4080,4028,1490,-0.003900
28/04/2023,4050,3937,4190,3877,2180,-0.026700
02/05/2023,3943,4016,4020,3943,90,0.020100
03/05/2023,4002,4019,4025,3969,370,0.000700
05/05/2023,4079,4070,4100,4050,370,0.012700
08/05/2023,4120,4084,4120,4084,620,0.003400
09/05/2023,4020,4050,4084,4020,200,-0.008300
10/05/2023,4000,3930,4030,3930,220,-0.029600
11/05/2023,3820,3800,3820,3800,50,-0.033100
12/05/2023,3756,3843,3803,3751,280,0.011300
15/05/2023,3850,3850,3850,3850,70,0.001800
16/05/2023,3807,3748,3825,3716,1450,-0.026500
17/05/2023,3735,3724,3738,3675,1990,-0.006400
18/05/2023,3730,3675,3736,3662,2160,-0.013200
19/05/2023,3666,3725,3735,3661,1750,0.013600
22/05/2023,3659,3673,3698,3652,940,-0.014000
23/05/2023,3672,3551,3701,3540,2180,-0.033200
24/05/2023,3557,3527,3579,3470,1610,-0.006800
25/05/2023,3516,3565,3581,3512,1550,0.010800
26/05/2023,3543,3590,3620,3543,1560,0.007000
29/05/2023,3550,3585,3592,3537,560,-0.001400
30/05/2023,3582,3430,3584,3425,360,-0.043200
31/05/2023,3400,3255,3400,3232,490,-0.051000
01/06/2023,3280,3320,3320,3278,160,0.020000
02/06/2023,3336,3416,3435,3336,230,0.028900
06/06/2023,3390,3356,3460,3375,620,-0.017600
07/06/2023,3390,3411,3422,3390,380,0.016400
08/06/2023,3410,3375,3410,3389,270,-0.010600
09/06/2023,3470,3478,3492,3465,530,0.030500
12/06/2023,3420,3382,3426,3380,220,-0.027600
13/06/2023,3415,3441,3460,3414,180,0.017400
14/06/2023,3469,3478,3545,3469,90,0.010800
15/06/2023,3485,3519,3519,3485,80,0.011800
16/06/2023,3569,3785,3825,3556,2920,0.075600
19/06/2023,3805,3766,3815,3744,2040,-0.005000
20/06/2023,3768,3737,3800,3728,1580,-0.007700
21/06/2023,3735,3631,3770,3588,960,-0.028400
22/06/2023,3600,3582,3650,3564,870,-0.013500
23/06/2023,3562,3644,3690,3562,1140,0.017300
26/06/2023,3661,3739,3739,3661,1050,0.026100
27/06/2023,3733,3685,3770,3685,860,-0.014400
28/06/2023,3670,3751,3798,3670,460,0.017900
30/06/2023,3815,3751,3815,3751,610,0.000000
03/07/2023,3950,3945,3950,3875,710,0.051700
04/07/2023,3890,3815,3890,3815,370,-0.033000
05/07/2023,3830,3800,3845,3800,220,-0.003900
06/07/2023,3800,3844,3845,3800,240,0.011600
07/07/2023,3805,3757,3805,3755,110,-0.022600
10/07/2023,3750,3843,3830,3747,90,0.022900
11/07/2023,3850,3815,3850,3830,40,-0.007300
12/07/2023,3839,3847,3839,3811,40,0.008400
13/07/2023,3781,3786,3782,3774,30,-0.015900
14/07/2023,3829,3818,3829,3815,100,0.008500
17/07/2023,3810,3885,3894,3810,550,0.017500
18/07/2023,3850,3851,3903,3826,970,-0.008800
20/07/2023,3900,3992,4002,3900,2610,0.036600
21/07/2023,3985,3993,4020,3950,880,0.000300
24/07/2023,3938,4092,4124,3906,1790,0.024800
25/07/2023,4044,4000,4089,3986,340,-0.022500
26/07/2023,4015,3987,4073,3960,840,-0.003300
27/07/2023,3992,3922,3992,3921,940,-0.016300
28/07/2023,3884,3872,3885,3830,910,-0.012700
31/07/2023,3824,3792,3829,3792,550,-0.020700
01/08/2023,3804,3774,3814,3773,270,-0.004700
02/08/2023,3840,3816,3840,3791,80,0.011100
03/08/2023,3795,3755,3795,3745,220,-0.016000
04/08/2023,3789,3782,3801,3755,40,0.007200
07/08/2023,3781,3700,3805,3684,300,-0.021700
08/08/2023,3726,3676,3726,3670,420,-0.006500
09/08/2023,3670,3745,3740,3670,70,0.018800
10/08/2023,3735,3740,3760,3730,100,-0.001300
11/08/2023,3720,3727,3739,3707,210,-0.003500
14/08/2023,3730,3697,3733,3700,140,-0.008000
15/08/2023,3753,3753,3753,3753,-,0.015100
16/08/2023,3783,3815,3824,3777,1020,0.016500
17/08/2023,3807,3894,3899,3798,910,0.020700
18/08/2023,3887,3854,3934,3840,1620,-0.010300
21/08/2023,3958,3922,3958,3910,800,0.017600
22/08/2023,3882,3857,3907,3847,940,-0.016600
23/08/2023,3868,3812,3876,3804,1020,-0.011700
24/08/2023,3822,3815,3875,3806,1400,0.000800
25/08/2023,3800,3860,3848,3789,1170,0.011800
28/08/2023,3839,3800,3839,3800,630,-0.015500
29/08/2023,3800,3801,3815,3790,800,0.000300
30/08/2023,3790,3860,3866,3790,270,0.015500
01/09/2023,3860,3910,3915,3860,160,0.013000
04/09/2023,3849,3873,3880,3848,40,-0.009500
05/09/2023,3853,3800,3870,3810,380,-0.018800
06/09/2023,3820,3760,3820,3760,270,-0.010500
07/09/2023,3780,3750,3780,3746,160,-0.002700
08/09/2023,3720,3730,3730,3701,80,-0.005300
11/09/2023,3730,3628,3730,3630,40,-0.027300
12/09/2023,3690,3598,3690,3600,100,-0.008300
13/09/2023,3623,3635,3650,3600,100,0.010300
14/09/2023,3605,3660,3605,3605,0,0.006900
15/09/2023,3690,3690,3690,3690,150,0.008200
18/09/2023,3675,3678,3747,3664,590,-0.003300
19/09/2023,3681,3700,3701,3619,530,0.006000
20/09/2023,3682,3662,3694,3660,950,-0.010300
21/09/2023,3665,3648,3665,3610,1220,-0.003800
22/09/2023,3665,3647,3665,3610,860,-0.000300
25/09/2023,3661,3675,3690,3635,440,0.007700
26/09/2023,3675,3618,3675,3600,1760,-0.015500
27/09/2023,3600,3678,3702,3598,690,0.016600
29/09/2023,3664,3689,3742,3664,510,0.003000
02/10/2023,3636,3645,3667,3629,290,-0.011900
03/10/2023,3686,3644,3686,3640,300,-0.000300
04/10/2023,3630,3646,3670,3625,430,0.000500
05/10/2023,3641,3566,3641,3561,570,-0.021900
06/10/2023,3570,3562,3585,3550,290,-0.001100
09/10/2023,3620,3577,3621,3570,440,0.004200
10/10/2023,3550,3541,3556,3521,70,-0.010100
11/10/2023,3555,3530,3585,3533,260,-0.003100
12/10/2023,3571,3618,3615,3562,100,0.024900
13/10/2023,3620,3680,3680,3620,40,0.017100
16/10/2023,3720,3735,3742,3701,1500,0.014900
17/10/2023,3735,3739,3760,3708,1850,0.001100
18/10/2023,3735,3769,3790,3730,1270,0.008000
19/10/2023,3772,3726,3796,3706,2340,-0.011400
20/10/2023,3727,3716,3727,3681,1890,-0.002700
23/10/2023,3679,3692,3708,3675,1110,-0.006500
24/10/2023,3686,3606,3686,3592,790,-0.023300
25/10/2023,3600,3606,3612,3569,1230,0.000000
26/10/2023,3589,3671,3695,3589,1270,0.018000
27/10/2023,3641,3675,3694,3617,830,0.001100
30/10/2023,3670,3625,3670,3625,900,-0.013600
31/10/2023,3637,3564,3637,3559,600,-0.016800
01/11/2023,3552,3601,3610,3552,290,0.010400
02/11/2023,3610,3658,3675,3610,350,0.015800
03/11/2023,3646,3632,3680,3646,120,-0.007100
06/11/2023,3621,3635,3661,3614,90,0.000800
07/11/2023,3600,3603,3616,3600,160,-0.008800
08/11/2023,3660,3642,3663,3641,150,0.010800
09/11/2023,3660,3620,3660,3633,150,-0.006000
10/11/2023,3665,3673,3685,3665,110,0.014600
14/11/2023,3730,3759,3759,3729,40,0.023400
15/11/2023,3800,3800,3800,3800,10,0.010900
16/11/2023,3878,3869,3915,3863,950,0.018200
17/11/2023,3850,3809,3850,3788,1110,-0.015500
20/11/2023,3821,3803,3829,3780,330,-0.001600
21/11/2023,3827,3819,3877,3817,820,0.004200
22/11/2023,3816,3851,3881,3813,1970,0.008400
23/11/2023,3830,3828,3851,3820,890,-0.006000
24/11/2023,3819,3782,3820,3778,1130,-0.012000
27/11/2023,3780,3766,3798,3744,920,-0.004200
28/11/2023,3769,3756,3790,3744,960,-0.002700
29/11/2023,3743,3734,3774,3710,1390,-0.005900
30/11/2023,3738,3754,3761,3737,1160,0.005400
01/12/2023,3685,3733,3735,3685,460,-0.005600
04/12/2023,3705,3678,3705,3670,160,-0.014700
05/12/2023,3686,3636,3690,3612,320,-0.011400
06/12/2023,3633,3602,3636,3546,300,-0.009400
07/12/2023,3540,3578,3592,3530,140,-0.006700
08/12/2023,3596,3600,3640,3596,50,0.006100
11/12/2023,3650,3605,3650,3610,70,0.001400
12/12/2023,3620,3608,3620,3605,30,0.000800
13/12/2023,3580,3585,3580,3580,110,-0.006400
14/12/2023,3585,3601,3585,3585,30,0.004500
15/12/2023,3601,3601,3601,3601,-,0.000000
18/12/2023,3658,3687,3705,3632,1350,0.023900
19/12/2023,3705,3701,3725,3700,1340,0.003800
20/12/2023,3716,3719,3738,3705,1300,0.004900
21/12/2023,3729,3674,3750,3660,1550,-0.012100
22/12/2023,3655,3677,3679,3630,900,0.000800
26/12/2023,3683,3699,3700,3675,880,0.006000
27/12/2023,3700,3700,3722,3690,1250,0.000300
28/12/2023,3685,3657,3695,3656,1560,-0.011600
29/12/2023,3663,3662,3675,3610,940,0.001400
02/01/2024,3605,3633,3643,3600,730,-0.007900
03/01/2024,3623,3651,3662,3615,270,0.005000
04/01/2024,3673,3684,3686,3656,210,0.009000
05/01/2024,3702,3690,3715,3664,290,0.001600
08/01/2024,3685,3680,3689,3680,30,-0.002700
09/01/2024,3662,3692,3700,3662,90,0.003300
10/01/2024,3700,3712,3742,3700,40,0.005400
11/01/2024,3720,3740,3740,3720,50,0.007500
12/01/2024,3730,3780,3760,3730,80,0.010700
15/01/2024,3750,3750,3750,3750,10,-0.007900
16/01/2024,3812,3879,3905,3812,2610,0.034400
17/01/2024,3895,3855,3902,3845,1550,-0.006200
18/01/2024,3855,3929,3940,3839,1660,0.019200
19/01/2024,3934,3962,3978,3910,1500,0.008400
22/01/2024,3944,3928,3959,3923,660,-0.008600
23/01/2024,3939,3963,3994,3939,950,0.008900
24/01/2024,3971,3997,4000,3959,630,0.008600
26/01/2024,3967,4019,4036,3960,1610,0.005500
29/01/2024,3997,3951,3997,3948,530,-0.016900
30/01/2024,3957,3868,3968,3860,1150,-0.021000
31/01/2024,3849,3814,3875,3813,590,-0.014000
02/02/2024,3800,3788,3806,3779,470,-0.006800
05/02/2024,3781,3822,3828,3776,220,0.009000
06/02/2024,3853,3863,3866,3842,260,0.010700
07/02/2024,3870,3930,3930,3850,190,0.017300
08/02/2024,3950,3917,3950,3910,90,-0.003300
09/02/2024,3953,3920,3955,3920,110,0.000800
13/02/2024,3885,3930,3925,3885,160,0.002600
14/02/2024,3942,3995,3980,3942,40,0.016500
15/02/2024,3995,3995,3995,3995,-,0.000000
16/02/2024,3927,3910,3938,3887,1850,-0.021300
19/02/2024,3954,3963,3988,3926,720,0.013600
20/02/2024,3970,3978,3999,3964,1900,0.003800
21/02/2024,3989,3971,4020,3929,2470,-0.001800
22/02/2024,3959,3954,4000,3943,1960,-0.004300
23/02/2024,3940,3969,3980,3930,1540,0.003800
26/02/2024,3959,3987,3993,3950,1530,0.004500
27/02/2024,3990,4021,4033,3980,2020,0.008500
28/02/2024,4015,3983,4045,3980,1600,-0.009500
29/02/2024,3995,4025,4035,3995,790,0.010500
01/03/2024,4040,4024,4048,4020,470,-0.000200
04/03/2024,4037,4017,4037,4007,60,-0.001700
05/03/2024,4040,4049,4052,4040,20,0.008000
06/03/2024,4086,4142,4145,4085,80,0.023000
07/03/2024,4145,4145,4145,4145,340,0.000700
08/03/2024,4165,4181,4222,4165,100,0.008700
11/03/2024,4150,4208,4185,4135,110,0.006500
12/03/2024,4220,4200,4231,4200,90,-0.001900
13/03/2024,4207,4245,4245,4207,40,0.010700
14/03/2024,4238,4330,4394,4238,40,0.020000
15/03/2024,4360,4327,4360,4327,0,-0.000700
18/03/2024,4401,4326,4404,4305,2740,-0.000200
19/03/2024,4332,4297,4350,4286,1910,-0.006700
20/03/2024,4300,4364,4393,4297,2000,0.015600
21/03/2024,4376,4352,4400,4334,1490,-0.002700
22/03/2024,4355,4307,4381,4299,1660,-0.010300
25/03/2024,4322,4352,4375,4284,950,0.010400
26/03/2024,4361,4332,4382,4320,2180,-0.004600
27/03/2024,4330,4256,4338,4250,2800,-0.017500
29/03/2024,4288,4325,4328,4281,870,0.016200
01/04/2024,4360,4418,4420,4351,370,0.021500
02/04/2024,4395,4464,4467,4384,640,0.010400
03/04/2024,4508,4579,4600,4505,890,0.025800
04/04/2024,4560,4577,4591,4543,880,-0.000400
05/04/2024,4548,4564,4566,4531,820,-0.002800
08/04/2024,4536,4514,4540,4469,1300,-0.011000
09/04/2024,4520,4517,4537,4514,170,0.000700
12/04/2024,4490,4498,4591,4450,230,-0.004200
15/04/2024,4498,4405,4498,4400,280,-0.020700
16/04/2024,4299,4214,4299,4213,4030,-0.043400
17/04/2024,4217,4159,4230,4115,6320,-0.013100
18/04/2024,4145,4125,4172,4120,2870,-0.008200
19/04/2024,4130,4056,4165,4025,3710,-0.016700
22/04/2024,4075,4078,4096,4005,2920,0.005400
23/04/2024,4059,4073,4143,4055,2950,-0.001200
24/04/2024,4060,4040,4111,4016,2000,-0.008100
25/04/2024,4054,3958,4054,3904,2510,-0.020300
26/04/2024,3952,3931,3986,3922,3700,-0.006800
29/04/2024,3965,3949,3990,3924,1100,0.004600
30/04/2024,3951,3862,3965,3854,1710,-0.022000
02/05/2024,3850,3895,3895,3850,400,0.008500
03/05/2024,3870,3890,3895,3860,300,-0.001300
06/05/2024,3893,3909,3920,3888,630,0.004900
07/05/2024,3912,3960,3960,3912,280,0.013000
08/05/2024,3961,3957,3968,3936,210,-0.000800
09/05/2024,3920,3923,3921,3900,290,-0.008600
10/05/2024,3825,3853,3865,3820,120,-0.017800
13/05/2024,3925,3908,3940,3900,150,0.014300
14/05/2024,3927,3800,3945,3800,120,-0.027600
15/05/2024,3940,3801,3940,3800,10,0.000300
16/05/2024,3865,3823,3882,3809,1870,0.005800
17/05/2024,3834,3895,3915,3834,2240,0.018800
20/05/2024,3915,3905,3929,3878,1890,0.002600
21/05/2024,3901,3836,3939,3831,2610,-0.017700
23/05/2024,3845,3853,3899,3845,2870,0.004400
24/05/2024,3879,3872,3903,3865,2340,0.004900
27/05/2024,3900,3865,3900,3850,1460,-0.001800
28/05/2024,3869,3951,3959,3869,1330,0.022300
29/05/2024,3963,4028,4033,3950,1450,0.019500
30/05/2024,4010,3987,4016,3975,1970,-0.010200
31/05/2024,4030,4069,4078,4030,370,0.020600
04/06/2024,3912,3881,3948,3875,450,-0.046200
05/06/2024,3885,3868,3911,3855,420,-0.003300
06/06/2024,3890,3935,3960,3890,310,0.017300
07/06/2024,3966,3953,4017,3943,540,0.004600
10/06/2024,3953,3931,3980,3922,100,-0.005600
11/06/2024,3930,3931,3975,3892,190,0.000000
12/06/2024,3981,3962,4001,3981,140,0.007900
13/06/2024,3970,3934,4000,3945,10,-0.007100
14/06/2024,3958,3983,3991,3953,230,0.012500
18/06/2024,3951,3937,3961,3917,2740,-0.011500
19/06/2024,3945,3959,3976,3932,2060,0.005600
20/06/2024,3970,3980,3985,3936,2050,0.005300
21/06/2024,3980,3930,3980,3916,2840,-0.012600
24/06/2024,3908,3937,3956,3900,1340,0.001800
25/06/2024,3933,3897,3933,3891,1930,-0.010200
26/06/2024,3902,3926,3937,3879,1470,0.007400
27/06/2024,3913,3945,3969,3910,2270,0.004800
28/06/2024,3955,3976,3994,3955,1010,0.007900
01/07/2024,4032,4024,4060,4021,300,0.012100
02/07/2024,4070,4140,4145,4068,360,0.028800
03/07/2024,4100,4133,4140,4100,210,-0.001700
04/07/2024,4130,4117,4155,4110,450,-0.003900
05/07/2024,4101,4088,4120,4070,460,-0.007000
09/07/2024,4013,4015,4030,4010,80,-0.017900
10/07/2024,3999,3998,4000,3950,50,-0.004200
11/07/2024,4000,4005,4009,3995,80,0.001800
12/07/2024,3988,3970,4000,3980,80,-0.008700
15/07/2024,3980,3980,3980,3980,-,0.002500
16/07/2024,3911,3966,3990,3904,2410,-0.003500
17/07/2024,3952,3977,4029,3951,910,0.002800
18/07/2024,4000,3985,4007,3952,1060,0.002000
19/07/2024,3976,4013,4017,3966,1310,0.007000
22/07/2024,4011,4035,4048,4011,1810,0.005500
23/07/2024,4030,4012,4057,4000,1150,-0.005700
24/07/2024,4021,3992,4040,3968,2160,-0.005000
25/07/2024,3991,4008,4012,3954,2190,0.004000
26/07/2024,4016,4044,4055,3997,1120,0.009000
29/07/2024,3968,4021,4051,3968,1390,-0.005700
30/07/2024,4006,4040,4065,3999,1770,0.004700
31/07/2024,4040,4028,4040,3992,1310,-0.003000
01/08/2024,3990,3988,4010,3970,450,-0.009900
02/08/2024,3992,4021,4040,3992,290,0.008300
05/08/2024,3966,3930,4003,3930,170,-0.022600
06/08/2024,3910,3829,3910,3824,130,-0.025700
07/08/2024,3869,3800,3870,3743,90,-0.007600
08/08/2024,3810,3807,3811,3770,70,0.001800
09/08/2024,3815,3840,3831,3815,80,0.008700
12/08/2024,3840,3830,3900,3820,20,-0.002600
13/08/2024,3880,3840,3880,3840,20,0.002600
14/08/2024,3860,3890,3860,3850,10,0.013000
15/08/2024,3890,3890,3890,3890,-,0.000000
16/08/2024,3860,3872,3899,3852,2480,-0.004600
19/08/2024,3896,3924,3946,3883,4090,0.013400
20/08/2024,3918,3866,3922,3859,2390,-0.014800
21/08/2024,3869,3888,3909,3860,3040,0.005700
22/08/2024,3900,3928,3929,3884,3950,0.010300
23/08/2024,3934,3976,3988,3915,1560,0.012200
26/08/2024,3980,4021,4075,3966,3350,0.011300
27/08/2024,4036,4005,4055,4003,2610,-0.004000
28/08/2024,4011,4020,4022,3986,940,0.003700
29/08/2024,4012,4047,4056,3980,700,0.006700
30/08/2024,4035,4075,4102,4029,530,0.006900
02/09/2024,4002,4032,4034,4000,180,-0.010600
03/09/2024,4035,4020,4070,4018,300,-0.003000
04/09/2024,4022,3992,4022,3979,550,-0.007000
05/09/2024,3980,4021,4034,3975,200,0.007300
06/09/2024,4015,3980,4017,3980,200,-0.010200
09/09/2024,3962,3985,3994,3962,110,0.001300
10/09/2024,4002,3981,4007,3970,70,-0.001000
11/09/2024,3990,3967,4024,3950,50,-0.003500
12/09/2024,3965,4020,4020,3961,110,0.013400
13/09/2024,3960,3930,4054,3912,40,-0.022400
17/09/2024,3857,3847,3895,3827,3200,-0.021100
18/09/2024,3848,3917,3943,3848,4130,0.018200
19/09/2024,3927,3948,4041,3890,3700,0.007900
20/09/2024,3980,4027,4031,3948,2310,0.020000
23/09/2024,4052,4049,4112,4046,2660,0.005500
24/09/2024,4071,4074,4101,4030,1540,0.006200
25/09/2024,4077,4125,4143,4076,2480,0.012500
26/09/2024,4120,4235,4238,4120,1820,0.026700
27/09/2024,4243,4159,4283,4149,1870,-0.017900
30/09/2024,4150,4124,4163,4120,1230,-0.008400
01/10/2024,4125,4166,4190,4124,1250,0.010200
02/10/2024,4165,4305,4323,4165,1210,0.033400
03/10/2024,4290,4267,4320,4260,820,-0.008800
04/10/2024,4336,4400,4424,4330,420,0.031200
07/10/2024,4360,4400,4400,4360,210,0.000000
08/10/2024,4360,4349,4363,4334,110,-0.011600
09/10/2024,4350,4343,4360,4300,90,-0.001400
10/10/2024,4320,4350,4378,4013,180,0.001600
11/10/2024,4450,4283,4450,4250,150,-0.015400
14/10/2024,4430,4370,4430,4300,30,0.020300
15/10/2024,4400,4350,4400,4350,60,-0.004600
16/10/2024,4315,4372,4395,4313,3870,0.005100
17/10/2024,4369,4342,4397,4315,2290,-0.006900
18/10/2024,4349,4318,4439,4298,1930,-0.005500
21/10/2024,4307,4366,4378,4301,1370,0.011100
22/10/2024,4380,4450,4451,4361,1370,0.019200
23/10/2024,4456,4563,4586,4456,2830,0.025400
24/10/2024,4577,4688,4690,4519,1980,0.027400
25/10/2024,4673,4632,4740,4617,2350,-0.011900
28/10/2024,4612,4631,4690,4586,1830,-0.000200
29/10/2024,4640,4737,4754,4630,1950,0.022900
30/10/2024,4715,4800,4802,4707,1470,0.013300
01/11/2024,4860,4976,4968,4855,900,0.036700
04/11/2024,4946,4984,5000,4941,510,0.001600
05/11/2024,4955,4914,4982,4900,910,-0.014000
06/11/2024,4910,4999,4992,4889,230,0.017300
07/11/2024,5000,5038,5077,5000,240,0.007800
08/11/2024,5055,5160,5150,5017,380,0.024200
11/11/2024,5200,5270,5270,5200,50,0.021300
12/11/2024,5218,5224,5225,5199,100,-0.008700
13/11/2024,5156,5185,5191,5116,20,-0.007500
14/11/2024,5120,5151,5120,5050,10,-0.006600
15/11/2024,5151,5151,5151,5151,-,0.000000
18/11/2024,5045,4971,5054,4938,2840,-0.034900
19/11/2024,4976,5016,5071,4890,1790,0.009100
20/11/2024,5040,4926,5055,4921,2070,-0.017900
21/11/2024,4926,4891,4931,4758,2800,-0.007100
22/11/2024,4855,4790,4884,4785,2650,-0.020700
25/11/2024,4855,4829,4868,4810,930,0.008100
26/11/2024,4836,4851,4890,4808,2560,0.004600
27/11/2024,4872,4928,4945,4829,2700,0.015900
28/11/2024,4924,5060,5060,4924,1850,0.026800
29/11/2024,5100,5238,5300,5039,2640,0.035200
02/12/2024,5300,5217,5300,5191,190,-0.004000
03/12/2024,5260,5343,5345,5226,530,0.024200
04/12/2024,5363,5287,5390,5251,220,-0.010500
05/12/2024,5292,5332,5345,5292,70,0.008500
06/12/2024,5350,5336,5352,5300,100,0.000800
09/12/2024,5329,5308,5329,5274,100,-0.005200
10/12/2024,5275,5165,5285,5192,160,-0.026900
11/12/2024,5099,5113,5134,5050,160,-0.010100
12/12/2024,5090,5160,5152,5014,190,0.009200
13/12/2024,5139,5140,5148,5132,60,-0.003900
16/12/2024,4975,4900,5039,4892,2990,-0.046700
17/12/2024,4894,4889,4921,4854,2790,-0.002200
18/12/2024,4883,4700,4883,4670,1990,-0.038700
19/12/2024,4675,4752,4806,4580,4470,0.011100
20/12/2024,4733,4762,4820,4670,4010,0.002100
23/12/2024,4768,4901,4910,4768,1120,0.029200
24/12/2024,4885,4895,4923,4846,760,-0.001200
26/12/2024,4850,4900,4916,4813,530,0.001000
27/12/2024,4905,4975,4980,4878,1660,0.015300
30/12/2024,4956,4925,4993,4920,960,-0.010100
31/12/2024,4912,4861,4920,4800,1310,-0.013000
02/01/2025,4862,4690,4862,4609,920,-0.035200
03/01/2025,4720,4723,4725,4670,600,0.007000
06/01/2025,4740,4690,4750,4665,670,-0.007000
07/01/2025,4659,4713,4742,4659,310,0.004900
08/01/2025,4700,4711,4719,4682,340,-0.000400
09/01/2025,4695,4635,4698,4605,340,-0.016100
10/01/2025,4697,4710,4722,4696,50,0.016200
13/01/2025,4800,4815,4840,4781,450,0.022300
14/01/2025,4789,4668,4809,4613,480,-0.030500
15/01/2025,4637,4675,4730,4600,180,0.001500
16/01/2025,4494,4471,4547,4454,2180,-0.043600
17/01/2025,4466,4441,4469,4393,2900,-0.006700
20/01/2025,4457,4470,4498,4434,1580,0.006500
21/01/2025,4479,4508,4520,4423,1880,0.008500
22/01/2025,4194,4190,4201,4127,32590,-0.070500
23/01/2025,4182,4216,4245,4152,41100,0.006200
27/01/2025,4226,4279,4290,4187,46780,0.014900
30/01/2025,4300,4289,4320,4251,25740,0.002300
03/02/2025,4334,4308,4415,4270,61800,0.004400
04/02/2025,4297,4334,4372,4287,32930,0.006000
05/02/2025,4326,4403,4424,4316,32970,0.015900
06/02/2025,4403,4504,4543,4395,37460,0.022900
10/02/2025,4514,4593,4617,4487,36530,0.019800
11/02/2025,4640,4621,4704,4618,38770,0.006100
12/02/2025,4627,4554,4663,4542,34550,-0.014500
13/02/2025,4546,4592,4632,4532,38630,0.008300
17/02/2025,4473,4504,4558,4457,71640,-0.019200
18/02/2025,4510,4672,4695,4501,49050,0.037300
19/02/2025,4645,4642,4685,4613,33500,-0.006400
20/02/2025,4658,4664,4720,4652,42210,0.004700
24/02/2025,4601,4565,4633,4525,60290,-0.021200
25/02/2025,4553,4611,4622,4545,32020,0.010100
26/02/2025,4596,4511,4607,4477,44120,-0.021700
27/02/2025,4523,4554,4567,4487,32689,0.009500
03/03/2025,4532,4349,4544,4332,71160,-0.045000
04/03/2025,4351,4417,4428,4327,43750,0.015600
05/03/2025,4404,4480,4493,4370,47060,0.014300
06/03/2025,4479,4625,4638,4462,49520,0.032400
10/03/2025,4650,4488,4664,4431,87060,-0.029600
11/03/2025,4500,4487,4544,4454,37440,-0.000200
12/03/2025,4490,4539,4557,4486,39510,0.011600
13/03/2025,4548,4576,4586,4500,37450,0.008200
17/03/2025,4480,4366,4498,4359,30860,-0.045900
18/03/2025,4429,4389,4450,4344,39850,0.005300
19/03/2025,4383,4413,4463,4363,39370,0.005500
20/03/2025,4410,4375,4428,4365,31450,-0.008600
24/03/2025,4359,4245,4378,4232,77340,-0.029700
25/03/2025,4252,4259,4289,4230,33520,0.003300
26/03/2025,4276,4312,4329,4261,34540,0.012400
27/03/2025,4350,4419,4435,4340,33640,0.024800
01/04/2025,4526,4517,4544,4486,27400,0.022200
02/04/2025,4523,4489,4532,4447,28130,-0.006200
03/04/2025,4460,4328,4460,4324,39320,-0.035900
07/04/2025,4258,4188,4291,4163,87080,-0.032300
08/04/2025,4197,4148,4244,4085,45390,-0.009600
09/04/2025,4102,4200,4260,4096,34350,0.012500
10/04/2025,4194,4212,4226,4163,34100,0.002900
14/04/2025,4224,4108,4224,4072,61920,-0.024700
15/04/2025,4036,4015,4063,4000,35510,-0.022600
16/04/2025,4029,4011,4078,4005,34050,-0.001000
17/04/2025,4025,3975,4059,3968,27120,-0.009000
21/04/2025,3911,3966,3969,3863,36880,-0.002300
22/04/2025,3964,4037,4056,3935,36790,0.017900
23/04/2025,4023,4036,4054,4005,27170,-0.000200
24/04/2025,4049,4057,4150,4032,38760,0.005200
28/04/2025,3981,3943,3997,3928,27890,-0.028100
29/04/2025,3940,3911,3945,3882,30740,-0.008100
01/05/2025,3949,3881,3970,3829,29960,-0.007700
05/05/2025,3822,3792,3844,3772,30350,-0.022900
06/05/2025,3785,3728,3796,3717,37110,-0.016900
07/05/2025,3725,3801,3808,3696,44680,0.019600
08/05/2025,3801,3814,3857,3745,44420,0.003400
12/05/2025,3881,3893,3937,3853,34330,0.020700
13/05/2025,3909,3923,3998,3894,46010,0.007700
14/05/2025,3939,3868,3973,3843,33670,-0.014000
15/05/2025,3845,3815,3870,3793,30230,-0.013700
19/05/2025,3876,3908,3940,3861,32570,0.024400
20/05/2025,3912,3894,3935,3875,33190,-0.003600
21/05/2025,3901,3820,3910,3802,29790,-0.019000
22/05/2025,3836,3827,3864,3813,26560,0.001800
26/05/2025,3820,3868,3873,3797,23630,0.010700
27/05/2025,3870,3899,3912,3851,26860,0.008000
28/05/2025,3897,3932,3966,3882,30070,0.008500
29/05/2025,3923,3878,3932,3848,30590,-0.013700
02/06/2025,3926,3934,3977,3905,41220,0.014400
03/06/2025,3951,3948,3969,3907,28450,0.003600
04/06/2025,3947,3903,3956,3889,27790,-0.011400
05/06/2025,3917,3917,3939,3884,28790,0.003600
09/06/2025,3942,3864,3947,3861,33740,-0.013500
10/06/2025,3874,3839,3877,3810,27930,-0.006500
11/06/2025,3839,3839,3889,3820,24670,0.000000
12/06/2025,3860,3927,3942,3846,40830,0.022900
16/06/2025,4114,4064,4122,4056,49770,0.034900
17/06/2025,4078,4100,4115,4065,34100,0.008900
18/06/2025,4108,4104,4129,4085,24080,0.001000
19/06/2025,4107,4118,4144,4081,31260,0.003400
23/06/2025,4112,3983,4120,3964,41100,-0.032800
24/06/2025,3983,3965,4012,3954,30610,-0.004500
25/06/2025,3970,4011,4020,3958,29930,0.011600
30/06/2025,3987,3968,3993,3947,25130,-0.010700
01/07/2025,3980,4062,4085,3963,33340,0.023700
02/07/2025,4064,4091,4107,4055,27470,0.007100
03/07/2025,4085,4062,4108,4056,20180,-0.007100
07/07/2025,4067,4148,4175,4058,36360,0.021200
08/07/2025,4151,4157,4194,4140,36040,0.002200
09/07/2025,4159,4146,4190,4130,36370,-0.002600
10/07/2025,4137,4174,4235,4125,35910,0.006800
14/07/2025,4227,4146,4240,4129,42300,-0.006700
15/07/2025,4182,4224,4229,4163,33670,0.018800
16/07/2025,4210,4210,4247,4191,42900,-0.003300
17/07/2025,4218,4315,4353,4200,49710,0.024900
21/07/2025,4285,4264,4297,4205,66490,-0.011800
22/07/2025,4252,4315,4334,4235,34450,0.012000
23/07/2025,4315,4330,4374,4292,33240,0.003500
24/07/2025,4320,4273,4327,4235,35760,-0.013200
28/07/2025,4256,4254,4278,4195,51900,-0.004400
